{
  "r9k": {
    "textAnalysisLastDay": {
      "commentsAnalyzed": 4253,
      "sentimentScore_mean": -0.798024923583353,
      "sentimentComparative_mean": -0.04798185796805136,
      "commentLength_mean": 133.4570891135669,
      "text_ratio_": {
        "boomer": 0.00043340915057091966,
        "reddit": 0.00022199005273144666,
        "nigger": 0.0007928216168980237,
        "jew": 0.00007928216168980238,
        "trump": 0.00005285477445986825,
        "cuck": 0.00018322988479420993,
        "meme": 0.0004016962858949987,
        "sjw": 0.000015856432337960475,
        "kek": 0.00012156598125769698
      },
      "posts_ratio_": {
        "boomer": 0.008699741359040678,
        "reddit": 0.0044674347519398075,
        "nigger": 0.012461791676463673,
        "jew": 0.003526922172584058,
        "trump": 0.0011756407241946861,
        "cuck": 0.005878203620973431,
        "meme": 0.012461791676463673,
        "sjw": 0.0007053844345168116,
        "kek": 0.005407947331295556
      }
    },
    "metaAnalysisLastSnapshot": {
      "postsPerDay_mean": 22557.06090315047,
      "dailyPeakPostsPerMinute_mean": 20.274164294425265,
      "OPLength_mean": 239.24666666666667,
      "repliesWithImages_ratio": 0.21658536585365853,
      "repliesWithText_ratio": 1,
      "repliesPerThread_mean": 27.333333333333332,
      "repliesPerThread_standardDeviation": 50.992635633872524,
      "repliesPerThread_coefficientOfVariation": 1.8655842305075314,
      "repliesPerMinutePerThread_mean": 0.17654650070930678,
      "repliesPerMinutePerThread_standardDeviation": 0.24687844454167907,
      "repliesPerMinutePerThread_coefficientOfVariation": 1.3983763119053692,
      "postLengthByPost_mean": 133.46517647058823,
      "postLengthByPost_standardDeviation": 181.0321124234541,
      "postLengthByPost_coefficientOfVariation": 1.3563996033328454,
      "postLengthByThread_mean": 139.78947980293435,
      "postLengthByThread_standardDeviation": 99.60505797646482,
      "postLengthByThread_coefficientOfVariation": 0.7125361516251525,
      "postersPerThread_mean": 14.966666666666667,
      "postersPerThread_standardDeviation": 20.482973959418654,
      "postersPerThread_coefficientOfVariation": 1.3685728703397764,
      "postsByPoster_mean": 1.5504824986541672,
      "postsByPoster_standardDeviation": 0.7322628036723265,
      "postsByPoster_coefficientOfVariation": 0.4722805993024347,
      "threadAgeHours_mean": 2.675288666663788,
      "threadAgeHours_standardDeviation": 3.550860444978665,
      "threadAgeHours_coefficientOfVariation": 1.3272812348159635
    },
    "metaAnalysisLastDayAverage": {
      "postsPerDay_mean": 22557.060903150472,
      "dailyPeakPostsPerMinute_mean": 20.27416429442527,
      "OPLength_mean": 240.6381209408696,
      "repliesWithImages_ratio": 0.21629265515471457,
      "repliesWithText_ratio": 1,
      "repliesPerThread_mean": 27.31557008727968,
      "repliesPerThread_standardDeviation": 50.988974335329246,
      "repliesPerThread_coefficientOfVariation": 1.86666346652817,
      "repliesPerMinutePerThread_mean": 0.17795480119399798,
      "repliesPerMinutePerThread_standardDeviation": 0.24811448857348425,
      "repliesPerMinutePerThread_coefficientOfVariation": 1.394258173718178,
      "postLengthByPost_mean": 133.45710323407036,
      "postLengthByPost_standardDeviation": 181.08083343519644,
      "postLengthByPost_coefficientOfVariation": 1.3568467282864611,
      "postLengthByThread_mean": 140.2907615501897,
      "postLengthByThread_standardDeviation": 99.25046609312626,
      "postLengthByThread_coefficientOfVariation": 0.7074648758285763,
      "postersPerThread_mean": 14.960745584648782,
      "postersPerThread_standardDeviation": 20.481373386195497,
      "postersPerThread_coefficientOfVariation": 1.369007553427315,
      "postsByPoster_mean": 1.5527515646087169,
      "postsByPoster_standardDeviation": 0.7318599902035632,
      "postsByPoster_coefficientOfVariation": 0.47133120207239143,
      "threadAgeHours_mean": 2.6751260797367946,
      "threadAgeHours_standardDeviation": 3.546089479456914,
      "threadAgeHours_coefficientOfVariation": 1.3255786658186974
    }
  }
}